Workbook

Sheet PADRONIZAÇÃO
B1: *SUBSTITUIR APENAS AS CELAS DE COR BRANCA; AS VERDES NÃO PODEM SER MODIFICADAS.
B2: TÍTULO: DETERMINAÇÃO DE NITROGÊNIO TOTAL KJELDAHL
B3: RESPONSÁVEL
B4: PROJETO
B5: DATA DA ANÁLISE
B6: HORA DA ANÁLISE
B8: PADRONIZAÇÃO DO ÁCIDO SULFÚRICO (H2SO4) 0,02 N
B10: PADRÃO PRIMÁRIO: TETRABORATO DE SÓDIO DECA HIDRATADO (Na2B4O7 . 10 H2O)
B11: MASSA PESADA | D11: g
B12: MASSA MOLAR | C12: 381.4 | D12: g mol-1
B13: VOLUME DO BALÃO VOLUMÉTRICO | D13: mL
B14: CONCENTRAÇÃO | C14: =((C11)/((C12/2)*(C13*10^-3))) -> #DIV/0! | D14: eqg/L
B15: VOLUME DA ALÍQUOTA | C15: 10 | D15: mL
B17: 1ª TITULAÇÃO
B18: VOLUME DE H2SO4 GASTO | D18: mL
B19: CONCENTRAÇÃO TEÓRICA | C19: 0.02 | D19: eqg/L
B20: CONCENTRAÇÃO REAL | C20: =($C$15*C14)/C18 -> #DIV/0! | D20: eqg/L
B22: 2ª TITULAÇÃO
B23: VOLUME DE H2SO4 GASTO | D23: mL
B24: CONCENTRAÇÃO TEÓRICA | C24: 0.02 | D24: eqg/L
B25: CONCENTRAÇÃO REAL | C25: =($C$15*C14)/C23 -> #DIV/0! | D25: eqg/L
B27: 3ª TITULAÇÃO
B28: VOLUME DE H2SO4 GASTO | D28: mL
B29: CONCENTRAÇÃO TEÓRICA | C29: 0.02 | D29: eqg/L
B30: CONCENTRAÇÃO REAL | C30: =($C$15*C14)/C28 -> #DIV/0! | D30: eqg/L
B32: CONCENTRAÇÃO REAL DO ÁCIDO SULFÚRICO 0,02 eqg/L
B33: CONCENTRAÇÃO REAL | C33: =AVERAGE(C30,C25,C20) -> #DIV/0! | D33: eqg/L
B34: CONCENTRAÇÃO TEÓRICA | C34: 0.02 | D34: eqg/L
B35: DESVIO PADRÃO RELATIVO | C35: =((STDEV(C18,C23,C28)/(AVERAGE(C18,C23,C28))*100)) -> #DIV/0! | D35: %
B36: FATOR DE CORREÇÃO | C36: =C33/C34 -> #DIV/0!
B38: REAGENTES UTILIZADOS | C38: IDENTIFICAÇÃO
B39: REAGENTE DE DIGESTÃO
B40: HIDRÓXIDO DE SÓDIO
B41: ÁCIDO SULFÚRICO 0,1 eqg/L
B42: ÁCIDO SULFÚRICO 0,02 eqg/L
B43: TETRABORATO DE SÓDIO DECA HIDRATADO
B44: ALARANJADO DE METILA
B46: SOLUÇÃO DE AZUL DE METILENO 0,2%
B47: SOLUÇÃO DE VERMELHO DE METILA 0,2%
B48: SOLUÇÃO INDICADORA DE ÁCIDO BÓRICO

Sheet AMOSTRAS
B3: QUANTIFICAÇÃO DAS AMOSTRAS (DETERMINAÇÃO DE NITROGÊNIO TOTAL KJELDAHL)
B4: INFORMAÇÕES DA AMOSTRA | D4: INFORMAÇÕES DA DIGESTÃO | H4: INFORMAÇÕES DA TITULAÇÃO
B5: IDENTIFICAÇÃO DA AMOSTRA | C5: VOLUME DE AMOSTRA | D5: VOLUME DE DIGESTORA | E5: SISTEMA DE AQUECIMENTO | F5: TEMPO DE DIGESTÃO | G5: TEMPERATURA | H5: VOLUME DE H2SO4 GASTO | I5: DILUIÇÃO DO H2SO4 | J5: CONCENTRAÇÃO N-AMONIACAL
C6: mL | D6: mL | E6: UTILIZADO | F6: minutos | G6: º C | H6: mL | J6: mg N/L
J7: =((H7*(PADRONIZAÇÃO!$C$33/AMOSTRAS!I7)/AMOSTRAS!C7)*14000) -> #DIV/0!
J8: =(H8*(PADRONIZAÇÃO!$C$33/AMOSTRAS!I8)*14000)/AMOSTRAS!C8 -> #DIV/0!
J9: =(H9*(PADRONIZAÇÃO!$C$33/AMOSTRAS!I9)*14000)/AMOSTRAS!C9 -> #DIV/0!
J10: =(H10*(PADRONIZAÇÃO!$C$33/AMOSTRAS!I10)*14000)/AMOSTRAS!C10 -> #DIV/0!
J11: =(H11*(PADRONIZAÇÃO!$C$33/AMOSTRAS!I11)*14000)/AMOSTRAS!C11 -> #DIV/0!
J12: =(H12*(PADRONIZAÇÃO!$C$33/AMOSTRAS!I12)*14000)/AMOSTRAS!C12 -> #DIV/0!
J13: =(H13*(PADRONIZAÇÃO!$C$33/AMOSTRAS!I13)*14000)/AMOSTRAS!C13 -> #DIV/0!
J14: =(H14*(PADRONIZAÇÃO!$C$33/AMOSTRAS!I14)*14000)/AMOSTRAS!C14 -> #DIV/0!
J15: =(H15*(PADRONIZAÇÃO!$C$33/AMOSTRAS!I15)*14000)/AMOSTRAS!C15 -> #DIV/0!
J16: =(H16*(PADRONIZAÇÃO!$C$33/AMOSTRAS!I16)*14000)/AMOSTRAS!C16 -> #DIV/0!
J17: =(H17*(PADRONIZAÇÃO!$C$33/AMOSTRAS!I17)*14000)/AMOSTRAS!C17 -> #DIV/0!
J18: =(H18*(PADRONIZAÇÃO!$C$33/AMOSTRAS!I18)*14000)/AMOSTRAS!C18 -> #DIV/0!
J19: =(H19*(PADRONIZAÇÃO!$C$33/AMOSTRAS!I19)*14000)/AMOSTRAS!C19 -> #DIV/0!
... J39: =(H39*(PADRONIZAÇÃO!$C$33/AMOSTRAS!I39)*14000)/AMOSTRAS!C39 -> #DIV/0!
